{
    "prediction": [
        0,
        1,
        1,
        0,
        1
    ],
    "F1_score": "0.5454545454545455",
    "data_summary": {
        "exited": {
            "25%": 0.0,
            "50%": 0.5,
            "75%": 1.0,
            "count": 26.0,
            "max": 1.0,
            "mean": 0.5,
            "min": 0.0,
            "std": 0.5099019513592785
        },
        "lastmonth_activity": {
            "25%": 38.25,
            "50%": 425.0,
            "75%": 1804.75,
            "count": 26.0,
            "max": 98765.0,
            "mean": 5625.923076923077,
            "min": 0.0,
            "std": 19444.774621317832
        },
        "lastyear_activity": {
            "25%": 14.0,
            "50%": 97.5,
            "75%": 474.75,
            "count": 26.0,
            "max": 9982.0,
            "mean": 763.5384615384615,
            "min": 0.0,
            "std": 2016.6093569309696
        },
        "number_of_employees": {
            "25%": 12.75,
            "50%": 99.0,
            "75%": 626.5,
            "count": 26.0,
            "max": 3782.0,
            "mean": 457.46153846153845,
            "min": 2.0,
            "std": 800.6048328991891
        }
    },
    "diagnostics": {
        "missing_data": {
            "corporation": 0,
            "exited": 0,
            "lastmonth_activity": 0,
            "lastyear_activity": 0,
            "number_of_employees": 0
        },
        "outdated_pckgs": "Package            Version Latest Type\n------------------ ------- ------ -----\ncharset-normalizer 2.1.1   3.0.1  wheel\ncryptography       39.0.0  39.0.1 wheel\nipykernel          6.20.2  6.21.1 wheel\nipython            8.9.0   8.10.0 wheel\njupyter_client     7.4.9   8.0.2  wheel\njupyter_core       5.1.5   5.2.0  wheel\nnumpy              1.24.1  1.24.2 wheel\npip                22.3.1  23.0   wheel\nplatformdirs       2.6.2   3.0.0  wheel\nsetuptools         66.1.1  67.2.0 wheel\ntenacity           8.1.0   8.2.1  wheel\ntraitlets          5.8.1   5.9.0  wheel\nzipp               3.12.0  3.13.0 wheel\n",
        "timings": {
            "ingestion_time": 0.32005160400876775,
            "training_time": 0.7949418879870791
        }
    }
}